{"cameraMode":{"drawMode":0,"name":"Shaded","section":"Shading Mode"},"sceneLighting":false,"audioPlay":false,"sceneViewState":{"showFog":true,"showMaterialUpdate":false,"showSkybox":false,"showFlares":true,"showImageEffects":true,"showParticleSystems":true},"in2DMode":false,"pivot":{"x":269.75164794921877,"y":20.928922653198243,"z":285.69769287109377},"rotation":{"x":0.013998288661241532,"y":0.9568378329277039,"z":-0.28657761216163638,"w":0.04687785357236862},"size":2.8093018531799318,"orthographic":false}